Número,Perfume,Categoría
1,AIRE LOEWE,Mujer
3,CAROLINA HERRERA CLASICA,Mujer
4,CHANEL 5,Mujer
6,ANAIS – ANAIS de CACHAREL,Mujer
8,TRESOR. LANCOME,Mujer
11,COCO CHANEL,Mujer
13,OPIUM. Y.S.L.,Mujer
14,NOA. CACHAREL,Mujer
18,212 CAROLINA HERRERA,Mujer
20,ALLURE. CHANEL,Mujer
21,SOIR DE LUNE. SISLEY,Mujer
22,ETERNITY. CALVIN KLEIN,Mujer
24,LIGHT BLUE. D&G,Mujer
25,J`ADORE. C. DIOR,Mujer
26,ULTRAVIOLET. PACO RABANNE,Mujer
28,JEAN PAUL GAULTIER CLASIQUE,Mujer
30,ANGEL. T. MUGLER,Mujer
31,MIRACLE. LANCOME,Mujer
32,OMNIA CORAL. BVLGARI,Mujer
33,EAU DE ROCHAS,Mujer
34,L`EAU D`ISSEY. MIYAKE,Mujer
37,CHLOE,Mujer
38,BONBON. VICTOR & ROLF,Mujer
39,L`INTERDIT. GIVENCHY,Mujer
40,PLEASURES INTENSE. E. LAUDER,Mujer
41,Ó DE LANCOME,Mujer
43,AROMATIC ELIXIR. CLINIQUE,Mujer
44,KENZO AMOUR,Mujer
45,212 VIP ROSÉ. C.H,Mujer
46,AGUA FRESCA DE ROSAS BLANCAS. A.D.,Mujer
47,CANDY. PRADA,Mujer
48,CH. CAROLINA HERRERA,Mujer
49,AGUA DE ROCÍO. VICT & LUCH,Mujer
50,DOLCE. D&G.,Mujer
51,AURA. LOEWE,Mujer
52,JUST CAVALLI,Mujer
82,ALIEN T. MUGLER,Mujer
83,COOL WATER DAVIDOFF,Mujer
85,BURBERRY WOMEN,Mujer
87,GUCCI RUSH,Mujer
89,PARIS. Y.S.L.,Mujer
100,EMPORIO ARMANI,Mujer
101,AMOR-AMOR. CACHAREL,Mujer
102,POEME. LANCOME,Mujer
103,LOLITA LEMPICKA,Mujer
104,OMNIA CRYSTALLINE. BVLGARI,Mujer
105,COCO MADEMOISELLE. CHANEL,Mujer
106,RALPH. RALPH LAUREN,Mujer
107,TOBACCO VANILLE. TOM FORD UNISEX,Mujer
108,POISON. C. DIOR,Mujer
109,LA BELLE PARADISE GARDEN J.P.G,Mujer
110,PURE MUSC. NARCISO RODRÍGUEZ,Mujer
111,DIOR ADDICT. C. DIOR,Mujer
112,ALIEN GODDESS. T. MUGLER,Mujer
113,TOUCH OF PINK. LACOSTE,Mujer
114,GUCCI GUILTY,Mujer
116,EDEN de CACHAREL,Mujer
117,YUM PISTACHIO GELATO 33 KAYALI UNISEX,Mujer
120,THIS IS HERI ZADIG & VOLTIRE,Mujer
122,OLYMPEA de PACO RABANNE,Mujer
123,NARCISO RODRIGUEZ FOR HER,Mujer
124,PURE POISON. C.DIOR,Mujer
125,BECAUSE IT`S YOU. E. ARMANI,Mujer
126,BRIGHT CRYSTAL de VERSACE,Mujer
128,212 HÉROES CAROLINA HERRERA,Mujer
129,EUPHORIA. CALVIN KLEIN,Mujer
130,BULGARI,Mujer
133,NINA de NINA RICCI,Mujer
134,THE ONE. D&G,Mujer
135,CRYSTAL NOIR. VERSACE,Mujer
137,AGUA FRESCA DE ROSAS A. DOMINGUEZ,Mujer
138,BE DELICIOUS. D. KARAJAN,Mujer
139,HAPPY CLINIQUE,Mujer
142,ARMANI CODE. G. ARMANI,Mujer
143,MY WAY. E. ARMANI,Mujer
146,LIBRE. Y.S.L.,Mujer
149,LADY MILLION. PACO RABANNE,Mujer
150,TOUS TOUCH,Mujer
151,LA NUIT TRESOR. LANCOME,Mujer
152,BLACK OPIUM. Y.S.L.,Mujer
153,EAU SENSUELLE. ROCHAS,Mujer
154,MAGNETISM. ESCADA,Mujer
155,INFUSION D`IRIS. PRADA,Mujer
156,CHANCE. CHANEL,Mujer
157,INSOLENCE de GÜERLAIN,Mujer
158,DYLAN TURQUOISE. VERSACE,Mujer
159,DOLCE BLUE JASMINE D&G,Mujer
161,CHEAP & CHIP. MOSCHINO,Mujer
162,AURA. T. MUGLER,Mujer
163,THE ONLY ONE. D&G,Mujer
164,MISS DIOR CHERIE,Mujer
165,LA VIE ET BELLE. LANCOME,Mujer
169,ESCALE A PORTOFINO. C. DIOR,Mujer
170,HYPNOTIC POISON. C. DIOR,Mujer
172,L`IMPERATRICE. D&G,Mujer
173,ALIVE. HUGO BOSS,Mujer
174,SOLO LOEWE,Mujer
175,VOCE VIVA. VALENTINO,Mujer
176,212 SEXY. CAROLINA HERRERA,Mujer
177,SÍ. G. ARMANI,Mujer
178,LA PANTHERE. CARTIER,Mujer
180,DAISY. MARC JACOBS,Mujer
182,ESSENCE. NARCISO RODRIGUEZ,Mujer
184,DECADENCE. MARC JACOBS,Mujer
185,GOOD GIRL CAROLINA HERRERA,Mujer
186,THE SCENT. HUGO BOSS,Mujer
187,LUNA. NINA RICCI,Mujer
188,MON PARIS. Y.S.L.,Mujer
189,VERY GOOD GIRL. C. HERRERA,Mujer
190,FIESTA CARIOCA. ESCADA,Mujer
191,MADEMOISELLE ROCHAS,Mujer
192,EROS POUR FEMME. VERSACE,Mujer
193,VERSENCE. VERSACE,Mujer
194,SCANDAL de JEAN PAUL GAULTIER,Mujer
196,WORLD. KENZO,Mujer
197,BLOOM. GUCCI,Mujer
199,YES. I`AM. CACHAREL,Mujer
402,NARCISO ROUGE,Mujer
404,PURE X.S. PACO RABANNE,Mujer
406,SÍ PASIONE. G. ARMANI,Mujer
408,IDÔLE de LANCOME,Mujer
409,LA BELLE de JEAN PAUL GAULTIER,Mujer
411,FLEUR MUSC FLORALE. N. RODRIGUEZ,Mujer
416,CHERRY IN JAPAN de ESCADA,Mujer
417,LOVEME THE ONYX de TOUS,Mujer
418,GINZA SHISEIDO,Mujer
419,GLAN VERY GOOD GIRL de CAROLINA. H,Mujer
420,FAME PACO RABANNE,Mujer
421,PARADOXE PRADA,Mujer
424,FLORA GORGEOUS GARDENIA GUCCI,Mujer
426,ERBA PURA. XERJOFF UNISEX,Mujer
431,QUIZAS – QUIZAS. LOEWE,Mujer
432,BARENIA. HERMÉS.,Mujer
433,RICCI-RICCI. NINA RICCI,Mujer
434,JASMIN NOIR. BVLGARI,Mujer
435,5ª AVENIDA. ELIZABETH ARDEN,Mujer
438,VERY IRRESISTIBLE. GIVENCHY,Mujer
439,JYMMY CHOO,Mujer
441,GOOD GIRL SPARKING ICE. C. HERRERA,Mujer
443,Q BY DOLCE & GABBANA,Mujer
446,RED TOBACCO. MANCERA. UNISEX,Mujer
450,GOOD GIRL BLUSH CAROLINA. H,Mujer
451,DYLAN PURPLE VERSCE,Mujer
452,DIVINE. J.P.G,Mujer
453,BACCARAT ROUGE 540,Mujer
454,TOY-2 BUBBLE GUM. MOSCHINO,Mujer
456,DEVOTION. D&G,Mujer
457,GODDESS. BURBERRY,Mujer
459,WOMANITY. T. MUGLER,Mujer
460,ALL OF ME. NARCISO. RODRÍGUEZ,Mujer
461,LOVEME EMERALD. TOUS,Mujer
464,MILLION GOLD FOR HER. PACO RABANNE,Mujer
465,LA VIE EST BELLE ELIXIR. LANCOME,Mujer
491,CHANCE TENDRE CHANEL,Mujer
493,OLIMPEA INTENSE P. RABANNE,Mujer
494,EAU SO SEXY VICTORIA SECRET,Mujer
527,DONNA BORN IN ROMA VALENTINO,Mujer
550,OLIMPEA FLORA. P. RABANNE,Mujer
557,YARA – LATTAFA,Mujer
562,BOND BLEECKER STREET,Mujer
573,ZADIG & VOLTAIRE ALAS,Mujer
574,LA BOMBA CAROLINA HERRERA,Mujer
2,CALVIN KLEIN ONE UNISEX,Hombre
5,ESENCIA DE LOEWE,Hombre
7,CAROLINA HERRERA,Hombre
10,ETERNITY. C. KLEIN,Hombre
12,X.S. PACO RABANNE,Hombre
17,212 VIP. CAROLINA HERRERA,Hombre
19,HUGO BOSS,Hombre
23,AQUA DI GIO. G. ARMANI,Hombre
29,LE MALE. JEAN PAUL GAUTIER,Hombre
35,ANGEL. T. MUGLER,Hombre
36,ULTRAVIOLET. PACO RABANNE,Hombre
56,L'HOMME. Y.S.L.,Hombre
58,ALLURE HOMME SPORT. CHANEL,Hombre
63,SCANDAL. J.P.G.,Hombre
64,BIANCO LATTE GIARDINI DI TOSCANA UNISEX,Hombre
65,POLO BLUE. RALPH LAUREN,Hombre
70,BLEU CHANEL,Hombre
72,ACQUA DI GIO PROFUMO. G. ARMANI,Hombre
73,7 DE LOEWE,Hombre
75,CREED. AVENTUS,Hombre
94,FARENHEIT. C. DIOR,Hombre
95,LIGHT BLUE. DOLCE & GABBANA,Hombre
97,ONLY THE BRAVE. DIESEL,Hombre
99,SPICEBOMB EXTREME. VIKTOR&ROLF,Hombre
136,ARMANI BLACK CODE. G. ARMANI,Hombre
140,SOLO LOEWE,Hombre
148,ONE MILLION de PACO RABANNE,Hombre
200,DEVOTION. D&G.,Hombre
201,MILLION GOLD. PACO RABANNE,Hombre
202,BOSS BOTTLED. HUGO BOSS,Hombre
203,EGOISTE. CHANEL,Hombre
204,GUCCI GUILTY,Hombre
206,PHANTOM. PACO RABANNE,Hombre
208,INVICTUS VICTORY. PACO RABANNE,Hombre
210,TERRE D'HERMES,Hombre
212,AGUA DE LOEWE. UNISEX,Hombre
214,ARMANI CODE,Hombre
215,INVICTUS. PACO RABANNE,Hombre
219,THE SCENT. HUGO BOSS,Hombre
221,EAU SAUVAGE. C. DIOR,Hombre
222,SAUVAGE de CHRISTIAN DIOR,Hombre
224,LOEWE 001,Hombre
225,EROS. VERSACE,Hombre
226,PURE X.S. PACO RABANNE,Hombre
227,Y. Yves Saint Laurent,Hombre
229,STRONGER WITH YOU. E. ARMANI,Hombre
230,ONE MILLION LUCKY. PACO RABANNE,Hombre
232,EXPLORER. MONT BLANC,Hombre
233,K. D&G,Hombre
235,BLEU NOIR. NARCISO RODRIGUEZ,Hombre
252,THIS IS HIM ZADIG & VOLTAIRE,Hombre
253,STRONGER WITH YOU ABSOLUTELY. E. ARMANI,Hombre
255,LE BEAU PARADISE GARDEN JEAN PAUL GAULTIER,Hombre
259,BOSS BOTTLED ELIXIR. HUGO BOSS,Hombre
260,UOMO BORN IN ROMA GREEN STRAVAGANZA VALENTINO,Hombre
261,UOMO BORN IN ROMA VALENTINO,Hombre
262,ONE MILLION ELIXIR PACO RABANNE,Hombre
263,LE MALE ELIXIR JEAN PAUL GAULTIER,Hombre
264,SAUVAGE ELIXIR DIOR,Hombre
300,TOUS,Infantil
301,BABY TOUCHE. BURBERRY,Infantil
302,TARTINET & CHOCOLAT GIVENCHY,Infantil
304,PETIT AT MAMANS. BVLGARI,Infantil
376,PETIT CHERIE,Infantil
377,SUAVINEX BABY,Infantil
253,NENUCO,Infantil